Year,Team,Abbreviation,Kickoffs,Yds,Touchbacks,TB(pct),Ret,Ret_Avg,OSK,OSK_Rec,OOB,Touchdowns_Allowed
2005,49ers,SF,62,3672,8,12.9,48,20,5,3,1,0
2005,Bears,CHI,65,4016,2,3.1,63,19.9,0,0,0,0
2005,Bengals,CIN,91,5476,2,2.2,85,21,2,0,2,1
2005,Bills,BUF,70,4263,2,2.9,64,20.4,3,1,1,1
2005,Broncos,DEN,83,5372,14,16.9,67,25.3,0,0,2,0
2005,Browns,CLE,61,3653,3,4.9,56,21.1,3,0,0,0
2005,Buccaneers,TB,69,4328,5,7.2,63,21.7,0,0,1,1
2005,Cardinals,ARI,86,5642,23,26.7,60,28.3,2,0,1,3
2005,Chargers,LAC,88,5365,4,4.6,83,22.4,1,0,0,0
2005,Chiefs,KC,88,5363,2,2.3,83,24.7,4,0,1,1
2005,Colts,IND,90,5539,1,1.1,89,22.2,0,0,0,1
2005,Cowboys,DAL,74,4694,6,8.1,66,21.7,1,0,1,0
2005,Dolphins,MIA,74,4944,16,21.6,56,25.4,1,0,1,0
2005,Eagles,PHI,73,4441,5,6.8,67,21.1,1,0,1,1
2005,Falcons,ATL,77,4888,14,18.2,59,19.3,2,0,2,0
2005,Giants,NYG,98,6211,12,12.2,85,22,0,0,1,1
2005,Jaguars,JAX,79,5189,20,25.3,56,23.7,1,1,2,0
2005,Jets,NYJ,63,3741,1,1.6,60,20.8,1,0,2,0
2005,Lions,DET,62,3779,5,8.1,55,22.5,1,0,1,1
2005,Packers,GB,69,4202,3,4.4,65,21.6,1,0,0,0
2005,Panthers,CAR,86,5430,3,3.5,80,21.3,1,0,3,0
2005,Patriots,NE,81,4992,10,12.4,68,21.9,1,0,1,0
2005,Raiders,LV,70,4351,11,15.7,56,24.4,2,0,2,0
2005,Rams,LAR,80,5067,6,7.5,70,25.4,4,2,0,0
2005,Ravens,BAL,69,4136,3,4.4,62,21.8,3,0,1,0
2005,Commanders,WAS,78,4629,1,1.3,72,20.9,1,0,3,0
2005,Saints,NO,66,4249,5,7.6,61,23,0,0,0,0
2005,Seahawks,SEA,89,5600,4,4.5,82,22,1,0,2,1
2005,Steelers,PIT,84,5105,5,6,77,21.9,2,0,0,0
2005,Texans,HOU,69,4447,11,15.9,55,21.7,1,0,0,0
2005,Titans,TEN,72,4584,11,15.3,57,22.6,3,0,2,0
2005,Vikings,MIN,73,4324,0,0,67,21.1,5,0,1,0
2006,49ers,SF,74,4495,5,6.8,65,21.1,4,3,1,0
2006,Bears,CHI,95,6187,11,11.6,83,20.8,0,0,1,0
2006,Bengals,CIN,84,5367,13,15.5,70,21,0,0,1,0
2006,Bills,BUF,70,4203,5,7.1,60,21.3,2,1,0,0
2006,Broncos,DEN,75,5090,19,25.3,55,26.9,0,0,1,0
2006,Browns,CLE,61,3887,11,18,48,21.9,2,0,0,1
2006,Buccaneers,TB,53,3296,4,7.6,46,18.4,0,0,2,0
2006,Cardinals,ARI,77,5165,17,22.1,58,25.5,1,1,1,0
2006,Chargers,LAC,103,6703,11,10.7,90,21.8,0,0,2,0
2006,Chiefs,KC,78,4850,5,6.4,71,23.2,2,0,1,0
2006,Colts,IND,88,5735,10,11.4,78,26,0,0,0,2
2006,Cowboys,DAL,89,5399,8,9,80,19.6,2,0,0,1
2006,Dolphins,MIA,67,4393,24,35.8,40,24.5,3,1,1,0
2006,Eagles,PHI,83,5437,11,13.2,71,23.2,1,0,0,0
2006,Falcons,ATL,70,4533,13,18.6,53,20.6,3,2,1,0
2006,Giants,NYG,78,5039,12,15.4,65,22.4,1,0,0,0
2006,Jaguars,JAX,84,5478,21,25,60,21,1,0,2,0
2006,Jets,NYJ,74,4478,2,2.7,69,21.2,2,1,1,0
2006,Lions,DET,76,5085,13,17.1,63,22.9,0,0,0,0
2006,Packers,GB,72,4689,11,15.3,60,22.5,1,1,0,0
2006,Panthers,CAR,67,4245,6,9,59,22.1,1,0,2,0
2006,Patriots,NE,82,5353,12,14.6,68,22.8,1,0,1,0
2006,Raiders,LV,51,3305,7,13.7,42,28.6,1,0,1,0
2006,Rams,LAR,84,5282,11,13.1,69,24.6,4,1,1,2
2006,Ravens,BAL,82,5174,6,7.3,75,21.8,1,0,0,0
2006,Commanders,WAS,72,4358,1,1.4,67,20.8,3,0,1,0
2006,Saints,NO,85,5242,8,9.4,72,22.2,3,1,2,0
2006,Seahawks,SEA,75,4871,12,16,61,24.6,1,0,1,0
2006,Steelers,PIT,76,4695,4,5.3,70,22.4,0,0,0,1
2006,Texans,HOU,64,4153,10,15.6,52,23.4,2,0,1,1
2006,Titans,TEN,71,4391,10,14.1,58,21.8,1,0,3,0
2006,Vikings,MIN,67,3961,3,4.5,59,23.2,4,1,2,1
2007,Bears,CHI,79,4698,3,3.8,71,19.3,3,0,4,1
2007,Bengals,CIN,88,5377,8,9.1,76,22.8,1,0,2,0
2007,Bills,BUF,66,4052,6,9.1,56,20.5,0,0,2,1
2007,Broncos,DEN,76,4956,13,17.1,62,23,0,0,1,1
2007,Browns,CLE,85,5221,5,5.9,76,20.9,0,0,2,0
2007,Buccaneers,TB,79,4714,6,7.6,68,19.5,4,2,1,1
2007,Cardinals,ARI,81,5216,17,21,60,23.2,3,3,0,0
2007,Chargers,LAC,84,5275,7,8.3,75,20.9,1,0,1,0
2007,Chiefs,KC,59,3897,5,8.5,51,21.7,0,0,3,0
2007,Colts,IND,91,5915,9,9.9,81,25,0,0,1,3
2007,Cowboys,DAL,94,5887,4,4.3,86,23,1,1,2,1
2007,Dolphins,MIA,67,3878,8,11.9,50,25.8,6,0,3,2
2007,Eagles,PHI,78,4824,6,7.7,69,22.3,2,1,1,0
2007,Falcons,ATL,68,4430,15,22.1,50,23,2,1,2,1
2007,Giants,NYG,83,5120,8,9.6,69,23.1,2,0,4,1
2007,Jaguars,JAX,88,5620,17,19.3,67,19.8,1,1,3,2
2007,Jets,NYJ,65,3970,9,13.8,51,24.9,5,1,2,1
2007,Lions,DET,83,5394,13,15.7,65,26.9,2,0,3,2
2007,49ers,SF,57,3457,4,7,45,21.8,7,2,2,1
2007,Packers,GB,93,5857,14,15,77,20.9,2,0,1,0
2007,Panthers,CAR,66,4042,4,6.1,56,23.8,3,0,6,0
2007,Patriots,NE,112,7220,15,13.4,92,22.1,0,0,3,1
2007,Raiders,LV,68,4418,22,32.4,43,22.4,2,1,1,1
2007,Rams,LAR,66,4183,5,7.6,58,27.2,1,0,1,2
2007,Ravens,BAL,72,4488,7,9.7,61,23.7,3,0,2,0
2007,Commanders,WAS,77,4495,6,7.8,66,19.5,3,1,3,1
2007,Saints,NO,77,4781,16,20.8,56,22.4,5,1,2,1
2007,Seahawks,SEA,89,5613,13,14.6,72,24.9,3,0,1,0
2007,Steelers,PIT,86,5284,10,11.6,73,22.6,2,1,1,1
2007,Texans,HOU,84,5295,11,13.1,69,23.1,4,1,0,0
2007,Titans,TEN,75,5071,16,21.3,58,24.2,0,0,1,0
2007,Vikings,MIN,79,4974,9,11.4,65,22.2,3,1,2,0
2008,Bears,CHI,79,5134,9,11.4,68,24.4,1,0,0,0
2008,Bengals,CIN,58,3689,9,15.5,47,22.5,1,1,1,0
2008,Bills,BUF,78,4803,10,12.8,63,19.8,1,0,2,0
2008,Broncos,DEN,84,5443,19,22.6,63,24.7,1,0,1,1
2008,Browns,CLE,66,4249,12,18.2,53,23.2,0,0,0,1
2008,Buccaneers,TB,82,5157,6,7.3,74,20.8,1,0,1,0
2008,Cardinals,ARI,90,5699,15,16.7,69,25,5,1,1,1
2008,Chargers,LAC,96,6069,8,8.3,86,22.6,2,2,0,1
2008,Chiefs,KC,68,4077,4,5.9,62,23.6,3,0,1,1
2008,Colts,IND,81,5263,8,9.9,70,24.3,3,1,0,0
2008,Cowboys,DAL,77,4656,0,0,71,21.3,2,0,5,1
2008,Dolphins,MIA,77,4887,7,9.1,68,24.3,1,0,1,0
2008,Eagles,PHI,92,6031,17,18.5,75,22.6,0,0,0,1
2008,Falcons,ATL,87,5823,16,18.4,71,21.6,0,0,0,0
2008,Giants,NYG,93,5669,4,4.3,85,22.5,1,0,2,0
2008,Jaguars,JAX,69,4306,10,14.5,51,19.9,5,1,3,0
2008,Jets,NYJ,84,5239,7,8.3,73,21.5,3,1,0,0
2008,Lions,DET,67,4418,7,10.4,57,23.4,2,1,2,0
2008,49ers,SF,80,5081,9,11.2,65,23.3,5,0,1,0
2008,Packers,GB,95,6109,17,17.9,72,23.4,3,0,3,0
2008,Panthers,CAR,90,6008,30,33.3,59,21.9,1,0,1,0
2008,Patriots,NE,95,6083,17,17.9,75,22.3,1,0,1,2
2008,Raiders,LV,68,4459,22,32.4,44,24.4,2,1,0,1
2008,Rams,LAR,66,4497,8,12.1,56,26.2,1,1,1,0
2008,Ravens,BAL,85,5458,9,10.6,76,22.6,0,0,0,2
2008,Commanders,WAS,68,4280,9,13.2,55,20,1,0,4,0
2008,Saints,NO,93,6032,14,15,76,24,1,0,2,1
2008,Seahawks,SEA,71,4732,22,31,47,25.6,2,0,0,0
2008,Steelers,PIT,82,5104,9,11,71,19.1,1,0,1,0
2008,Texans,HOU,85,5460,9,10.6,73,22.3,2,0,0,0
2008,Titans,TEN,85,5708,22,25.9,61,25,1,1,1,0
2008,Vikings,MIN,85,5488,6,7.1,78,23.5,1,0,1,0
2009,Bears,CHI,73,4797,8,11,64,24.2,0,0,1,0
2009,Bengals,CIN,69,4367,8,11.6,58,22.2,0,0,3,0
2009,Bills,BUF,69,4395,6,8.7,59,21.5,1,0,1,0
2009,Broncos,DEN,78,5332,28,35.9,49,22.8,1,0,0,1
2009,Browns,CLE,65,3994,6,9.2,52,18.9,2,1,3,0
2009,Buccaneers,TB,58,3575,9,15.5,46,19.1,3,2,0,0
2009,Cardinals,ARI,78,4891,14,18,61,20.5,0,0,2,0
2009,Chargers,LAC,97,6153,9,9.3,87,21.9,1,1,0,1
2009,Chiefs,KC,73,4518,7,9.6,60,24.1,6,1,1,2
2009,Colts,IND,83,5807,22,26.5,60,25.3,0,0,1,1
2009,Cowboys,DAL,79,5206,29,36.7,47,20.6,3,0,0,0
2009,Dolphins,MIA,82,5052,7,8.5,71,21.9,4,1,1,0
2009,Eagles,PHI,94,6113,11,11.7,81,23.5,2,0,1,0
2009,Falcons,ATL,76,5080,28,36.8,46,20.5,2,1,0,0
2009,Giants,NYG,86,5345,6,7,77,21,2,0,1,0
2009,Jaguars,JAX,65,4290,17,26.2,47,22.7,1,0,1,1
2009,Jets,NYJ,82,5431,10,12.2,70,24.1,0,0,1,2
2009,Lions,DET,64,4024,4,6.2,58,23.3,2,0,1,1
2009,49ers,SF,73,4822,6,8.2,65,21.8,1,0,1,1
2009,Packers,GB,97,6090,12,12.4,80,22.8,3,1,2,0
2009,Panthers,CAR,72,4803,21,29.2,51,24.8,1,0,0,1
2009,Patriots,NE,91,6174,21,23.1,70,24.4,0,0,0,0
2009,Raiders,LV,59,3894,17,28.8,42,25.7,0,0,0,1
2009,Rams,LAR,53,3471,8,15.1,43,24,2,0,1,1
2009,Ravens,BAL,84,5398,4,4.8,77,20.3,0,0,1,0
2009,Commanders,WAS,69,4227,8,11.6,56,19.7,3,0,2,0
2009,Saints,NO,104,7025,28,26.9,74,24.5,0,0,2,0
2009,Seahawks,SEA,69,4685,22,31.9,46,23,1,1,0,0
2009,Steelers,PIT,81,4845,3,3.7,74,24.3,1,0,0,4
2009,Texans,HOU,82,5432,10,12.2,71,22.5,1,0,1,0
2009,Titans,TEN,81,5199,7,8.6,71,24.1,2,1,1,1
2009,Vikings,MIN,98,6242,5,5.1,91,22.6,0,0,1,0
2010,Bears,CHI,78,5018,16,20.5,59,23.8,1,0,2,0
2010,Bengals,CIN,76,4692,8,10.5,64,23.5,3,1,1,2
2010,Bills,BUF,68,4277,8,11.8,57,21.7,1,0,1,0
2010,Broncos,DEN,78,4973,22,28.2,51,24.7,5,2,0,1
2010,Browns,CLE,67,4057,7,10.4,54,17.8,4,0,2,0
2010,Buccaneers,TB,78,4811,1,1.3,75,20.7,2,0,0,1
2010,Cardinals,ARI,70,4552,16,22.9,51,24.2,3,0,0,0
2010,Chargers,LAC,96,5924,6,6.2,84,22.4,4,1,3,3
2010,Chiefs,KC,78,4794,8,10.3,66,20.2,2,0,2,1
2010,Colts,IND,91,6069,16,17.6,73,25.8,2,0,0,1
2010,Cowboys,DAL,85,5654,22,25.9,56,24.3,3,0,3,1
2010,Dolphins,MIA,70,4603,14,20,53,24.6,0,0,3,2
2010,Eagles,PHI,96,6214,23,24,69,21.8,2,1,2,0
2010,Falcons,ATL,88,5945,23,26.1,64,21.3,1,0,0,1
2010,Giants,NYG,85,5295,7,8.2,77,19.7,0,0,1,0
2010,Jaguars,JAX,76,5044,15,19.7,59,21.5,1,0,2,1
2010,Jets,NYJ,81,5025,7,8.6,73,19.6,0,0,1,0
2010,Lions,DET,77,4775,3,3.9,72,20.6,2,1,0,1
2010,49ers,SF,72,4482,5,6.9,67,22.2,0,0,0,1
2010,Packers,GB,84,5173,4,4.8,76,21.8,1,1,3,0
2010,Panthers,CAR,58,3811,11,19,45,23.6,3,0,1,0
2010,Patriots,NE,100,6397,17,17,81,22.5,0,0,1,1
2010,Raiders,LV,93,6091,29,31.2,61,23.2,1,0,1,1
2010,Rams,LAR,73,4866,5,6.8,65,23.7,2,0,2,1
2010,Ravens,BAL,79,5620,40,50.6,38,26,0,0,1,0
2010,Commanders,WAS,72,4693,9,12.5,61,19,1,0,1,0
2010,Saints,NO,84,5481,14,16.7,66,24.1,2,0,2,0
2010,Seahawks,SEA,73,4745,20,27.4,50,22,3,0,1,0
2010,Steelers,PIT,86,5213,7,8.1,77,20,2,0,1,1
2010,Texans,HOU,86,5695,13,15.1,72,24.2,2,1,0,1
2010,Titans,TEN,76,5071,17,22.4,56,24.8,1,1,2,1
2010,Vikings,MIN,65,4050,3,4.6,61,23.8,1,0,0,1
2011,Bears,CHI,82,5254,43,52.4,35,24.4,2,0,3,0
2011,Bengals,CIN,80,5317,36,45,44,20.8,0,0,0,0
2011,Bills,BUF,79,4935,19,24,56,20.4,4,1,1,0
2011,Broncos,DEN,70,4508,47,67.1,20,24.6,2,1,1,0
2011,Browns,CLE,59,3728,10,17,46,22.9,3,1,1,1
2011,Buccaneers,TB,69,4270,37,53.6,25,22.8,6,1,1,1
2011,Cardinals,ARI,74,4993,22,29.7,52,25,0,0,0,0
2011,Chargers,LAC,91,5944,32,35.2,57,25.5,2,2,0,1
2011,Chiefs,KC,60,3737,31,51.7,25,24.2,3,0,1,0
2011,Colts,IND,63,4220,41,65.1,19,30.7,3,0,0,0
2011,Cowboys,DAL,86,5627,33,38.4,52,21.4,0,0,1,0
2011,Dolphins,MIA,82,5407,40,48.8,41,22.8,1,0,1,0
2011,Eagles,PHI,85,5521,32,37.6,51,23.1,1,0,1,0
2011,Falcons,ATL,88,5745,25,28.4,60,24.8,1,0,1,0
2011,Giants,NYG,82,5291,34,41.5,46,22.9,2,0,0,0
2011,Jaguars,JAX,65,4319,39,60,26,24.3,0,0,0,0
2011,Jets,NYJ,81,5156,17,21,61,21.2,2,0,1,0
2011,Lions,DET,97,6419,45,46.4,49,25.6,2,0,1,1
2011,49ers,SF,94,6228,47,50,46,23.1,1,1,0,0
2011,Packers,GB,110,7130,49,44.6,59,23.4,2,1,1,0
2011,Panthers,CAR,84,5451,53,63.1,30,27,2,0,0,0
2011,Patriots,NE,104,6821,41,39.4,60,21.6,2,0,2,0
2011,Raiders,LV,81,5130,32,39.5,47,25.7,2,0,0,1
2011,Rams,LAR,54,3537,15,27.8,36,25.1,2,1,1,0
2011,Ravens,BAL,83,5562,45,54.2,36,29.2,2,0,0,1
2011,Commanders,WAS,73,4629,32,43.8,36,20.8,3,0,3,0
2011,Saints,NO,107,6962,68,63.6,36,25.8,3,0,0,1
2011,Seahawks,SEA,75,4969,26,34.7,48,26,0,0,1,1
2011,Steelers,PIT,72,4789,28,38.9,43,23.7,0,0,1,0
2011,Texans,HOU,86,5568,38,44.2,46,22.4,2,1,0,0
2011,Titans,TEN,78,4991,44,56.4,30,22.7,2,1,2,0
2011,Vikings,MIN,78,5027,19,24.4,57,24.6,1,0,1,1
2012,Bears,CHI,86,5639,49,57,37,20.7,1,0,0,0
2012,Bengals,CIN,88,5835,27,30.7,60,24.5,1,0,0,1
2012,Bills,BUF,73,4530,20,27.4,51,22.4,2,0,0,1
2012,Broncos,DEN,99,6365,65,65.7,34,22.1,0,0,0,0
2012,Browns,CLE,77,4914,30,39,43,19.8,2,0,1,0
2012,Buccaneers,TB,87,5727,58,66.7,27,25.2,2,0,0,0
2012,Cardinals,ARI,64,4000,29,45.3,32,26.4,3,0,0,0
2012,Chargers,LAC,78,5081,30,38.5,45,22.6,2,1,1,0
2012,Chiefs,KC,58,3716,27,46.6,27,25.6,2,0,2,0
2012,Colts,IND,79,5455,45,57,34,24.7,0,0,0,0
2012,Cowboys,DAL,84,5212,30,35.7,50,22,5,1,1,1
2012,Dolphins,MIA,71,4630,34,47.9,35,24.8,2,1,0,1
2012,Eagles,PHI,70,4429,26,37.1,41,24.7,3,1,0,0
2012,Falcons,ATL,94,6141,45,47.9,48,22.2,1,0,0,0
2012,Giants,NYG,94,6062,24,25.5,70,23.7,1,0,0,0
2012,Jaguars,JAX,69,4469,26,37.7,39,25.9,3,1,1,0
2012,Jets,NYJ,69,4360,12,17.4,54,21.9,2,0,1,1
2012,Lions,DET,87,5414,30,34.5,52,23.3,2,1,2,2
2012,49ers,SF,88,5805,40,45.4,48,26.8,0,0,0,0
2012,Packers,GB,88,5741,35,39.8,51,23.4,1,1,1,0
2012,Panthers,CAR,77,4836,37,48,39,19,1,0,0,0
2012,Patriots,NE,112,7274,52,46.4,60,20.5,1,0,0,0
2012,Raiders,LV,73,4565,38,52,30,28.9,7,0,2,2
2012,Rams,LAR,68,4507,37,54.4,30,24.3,1,0,0,0
2012,Ravens,BAL,89,6002,49,55.1,37,23.2,3,0,0,0
2012,Commanders,WAS,91,5797,33,36.3,55,23,2,0,1,0
2012,Saints,NO,92,5887,45,48.9,42,25,4,0,1,1
2012,Seahawks,SEA,88,5795,36,40.9,50,22.9,2,0,0,0
2012,Steelers,PIT,75,4784,29,38.7,46,24,0,0,0,0
2012,Texans,HOU,92,5790,28,30.4,62,25.7,2,0,0,2
2012,Titans,TEN,74,4725,37,50,33,26.1,3,0,2,1
2012,Vikings,MIN,86,5858,53,61.6,33,24.1,0,0,0,0
2013,Bears,CHI,90,5301,38,42.2,47,18.8,4,0,1,1
2013,Bengals,CIN,86,5496,32,37.2,52,23.4,1,0,1,0
2013,Bills,BUF,83,5394,34,41,48,23.4,1,0,0,0
2013,Broncos,DEN,115,7450,81,70.4,32,29.2,2,0,1,1
2013,Browns,CLE,73,4534,42,57.5,27,22.7,5,0,0,0
2013,Buccaneers,TB,69,4363,41,59.4,24,18.8,4,2,1,0
2013,Cardinals,ARI,87,5758,33,37.9,54,24,0,0,0,0
2013,Chargers,LAC,92,6128,18,19.6,73,24.6,0,0,1,0
2013,Chiefs,KC,92,6075,47,51.1,43,24.4,0,0,2,0
2013,Colts,IND,88,5850,41,46.6,43,25.2,2,0,2,0
2013,Cowboys,DAL,93,5905,52,55.9,38,20.8,2,1,0,0
2013,Dolphins,MIA,75,4968,38,50.7,36,22.9,0,0,1,0
2013,Eagles,PHI,90,5641,37,41.1,52,23.6,2,0,0,2
2013,Falcons,ATL,79,4902,50,63.3,23,24.8,6,3,0,0
2013,Giants,NYG,71,4527,35,49.3,33,21.8,2,0,0,0
2013,Jaguars,JAX,63,4103,36,57.1,25,20.4,1,0,1,0
2013,Jets,NYJ,73,4584,30,41.1,42,22.3,1,0,0,0
2013,Lions,DET,84,5571,45,53.6,35,26.4,1,0,3,0
2013,49ers,SF,92,6064,38,41.3,54,20.4,0,0,0,0
2013,Packers,GB,93,5914,30,32.3,61,25.8,1,1,1,1
2013,Panthers,CAR,82,5322,63,76.8,18,22.6,1,0,0,0
2013,Patriots,NE,99,6398,65,65.7,32,20.8,1,1,1,0
2013,Raiders,LV,74,4477,38,51.4,30,20.4,5,0,1,0
2013,Rams,LAR,81,5250,52,64.2,25,21.8,3,1,2,0
2013,Ravens,BAL,82,5195,42,51.2,38,23,1,0,1,0
2013,Commanders,WAS,72,4355,22,30.6,47,22.3,3,0,0,1
2013,Saints,NO,87,5609,52,59.8,33,25.2,2,2,0,0
2013,Seahawks,SEA,94,6185,48,51.1,44,24,0,0,1,0
2013,Steelers,PIT,86,5201,24,27.9,55,22.3,3,0,3,0
2013,Texans,HOU,68,4567,29,42.6,39,25.7,0,0,0,0
2013,Titans,TEN,83,5072,32,38.6,45,24.4,5,1,1,0
2013,Vikings,MIN,88,5651,44,50,41,27.2,2,0,1,1
2014,Bears,CHI,68,3872,25,36.8,35,17.5,6,1,1,0
2014,Bengals,CIN,81,5316,37,45.7,44,25.5,1,0,0,0
2014,Bills,BUF,85,5362,49,57.6,32,20,3,0,1,0
2014,Broncos,DEN,99,6437,64,64.6,35,25.9,0,0,0,0
2014,Browns,CLE,71,4679,40,56.3,31,22.4,0,0,0,0
2014,Buccaneers,TB,69,4436,31,44.9,37,23.5,1,0,0,0
2014,Cardinals,ARI,76,5061,38,50,37,26.1,1,0,0,0
2014,Chargers,LAC,78,4799,10,12.8,67,22.2,0,0,1,0
2014,Chiefs,KC,81,5156,26,32.1,54,23.9,1,0,0,0
2014,Colts,IND,99,6332,70,70.7,26,22.6,3,3,0,0
2014,Cowboys,DAL,99,6240,52,52.5,43,21.4,3,1,0,0
2014,Dolphins,MIA,85,5476,37,43.5,46,26.9,1,0,1,1
2014,Eagles,PHI,98,6401,46,46.9,52,22.8,0,0,0,0
2014,Falcons,ATL,83,5172,46,55.4,36,22.8,2,0,0,0
2014,Giants,NYG,82,5072,46,56.1,32,18.3,3,2,1,0
2014,Jaguars,JAX,65,3991,37,56.9,22,23.4,5,2,1,0
2014,Jets,NYJ,74,4655,21,28.4,51,21.8,1,0,0,0
2014,Lions,DET,75,4826,53,70.7,20,27.2,1,0,1,0
2014,49ers,SF,73,4721,32,43.8,40,22.7,1,0,0,0
2014,Packers,GB,104,6442,41,39.4,58,24.5,3,0,2,1
2014,Panthers,CAR,79,5196,61,77.2,18,32.4,0,0,0,0
2014,Patriots,NE,99,6362,53,53.5,45,21.2,0,0,1,0
2014,Raiders,LV,61,3723,34,55.7,21,32.5,6,0,1,0
2014,Rams,LAR,75,4892,38,50.7,35,24.3,2,0,1,1
2014,Ravens,BAL,88,5702,60,68.2,26,23.1,2,0,0,0
2014,Commanders,WAS,72,4486,27,37.5,43,25.8,2,0,0,1
2014,Saints,NO,81,5273,40,49.4,39,26.4,2,0,0,0
2014,Seahawks,SEA,89,5807,46,51.7,43,24.1,0,0,0,0
2014,Steelers,PIT,89,5552,32,36,54,23.1,3,0,1,1
2014,Texans,HOU,87,5693,40,46,45,26,2,0,0,0
2014,Titans,TEN,65,4086,31,47.7,31,27.6,3,0,0,1
2014,Vikings,MIN,77,4846,48,62.3,28,20.7,1,0,1,0
2015,Bears,CHI,83,5036,39,47,39,25.2,4,1,1,2
2015,Bengals,CIN,89,5786,42,47.2,46,22.6,1,0,0,0
2015,Bills,BUF,84,5235,42,50,40,17.2,2,0,1,0
2015,Broncos,DEN,82,5109,55,67.1,25,20.3,3,0,0,0
2015,Browns,CLE,70,4459,27,38.6,42,21.3,0,0,1,0
2015,Buccaneers,TB,82,5193,44,53.7,35,25.2,3,0,0,0
2015,Cardinals,ARI,99,6445,50,50.5,49,24.3,0,0,0,0
2015,Chargers,LAC,76,4839,41,54,32,27.5,3,0,0,0
2015,Chiefs,KC,90,5746,40,44.4,46,24.7,3,1,1,0
2015,Colts,IND,77,4836,67,87,8,19.5,3,0,0,0
2015,Cowboys,DAL,73,4620,49,67.1,23,23.9,2,0,0,1
2015,Dolphins,MIA,72,4396,44,61.1,23,22.1,4,1,1,0
2015,Eagles,PHI,81,5000,42,51.8,34,20.7,3,0,2,0
2015,Falcons,ATL,76,4875,52,68.4,22,27.2,2,0,0,0
2015,Giants,NYG,93,5727,37,39.8,54,20.3,2,0,1,1
2015,Jaguars,JAX,84,5247,55,65.5,23,24,5,0,4,0
2015,Jets,NYJ,86,5584,34,39.5,49,23.8,2,1,1,0
2015,Lions,DET,77,4826,40,52,32,25.4,4,1,1,0
2015,49ers,SF,63,3975,38,60.3,23,25.7,2,1,0,0
2015,Packers,GB,81,5125,41,50.6,37,26.7,2,1,1,0
2015,Panthers,CAR,103,6757,69,67,34,26.6,0,0,0,1
2015,Patriots,NE,101,6284,69,68.3,29,18.1,3,2,1,0
2015,Raiders,LV,81,5113,44,54.3,35,22.7,2,0,1,1
2015,Rams,LAR,68,4431,41,60.3,27,22.4,0,0,0,0
2015,Ravens,BAL,74,4753,63,85.1,9,25.4,1,0,0,0
2015,Commanders,WAS,85,5288,53,62.4,29,20.1,4,1,1,0
2015,Saints,NO,82,5311,44,53.7,37,26.5,1,0,0,0
2015,Seahawks,SEA,92,5930,47,51.1,42,25.6,3,0,1,1
2015,Steelers,PIT,94,5964,38,40.4,54,22.2,1,0,1,0
2015,Texans,HOU,76,4881,33,43.4,40,24.4,2,0,0,0
2015,Titans,TEN,66,4272,43,65.2,22,27.2,1,0,1,0
2015,Vikings,MIN,87,5695,47,54,40,26.1,0,0,0,0
2016,49ers,SF,72,4320,24,33.3,44,19.8,2,0,2,0
2016,Bears,CHI,65,4022,26,40,36,21.6,3,1,0,0
2016,Bengals,CIN,77,4854,36,46.8,40,22.3,1,0,0,0
2016,Bills,BUF,84,5074,35,41.7,46,21.7,3,0,1,0
2016,Broncos,DEN,81,4969,51,63,26,20.2,3,1,1,1
2016,Browns,CLE,66,4100,38,57.6,24,21.2,3,1,2,0
2016,Buccaneers,TB,81,5115,52,64.2,25,23.3,3,0,1,0
2016,Cardinals,ARI,83,5220,52,62.6,29,23.1,2,0,1,1
2016,Chargers,LAC,92,5822,67,72.8,21,24,2,0,2,0
2016,Chiefs,KC,86,5394,48,55.8,35,24.1,2,0,1,0
2016,Colts,IND,89,5697,49,55.1,39,21.2,1,1,0,0
2016,Cowboys,DAL,91,5827,57,62.6,33,22.6,1,0,0,0
2016,Dolphins,MIA,74,4768,43,58.1,31,20.4,0,0,0,0
2016,Eagles,PHI,87,5439,46,52.9,38,18.7,3,0,0,0
2016,Falcons,ATL,112,7236,72,64.3,40,22.6,0,0,0,0
2016,Giants,NYG,72,4511,37,51.4,32,22.8,1,0,2,0
2016,Jaguars,JAX,77,4724,60,77.9,13,21,4,0,2,0
2016,Jets,NYJ,70,4425,39,55.7,29,22.9,1,0,0,1
2016,Lions,DET,80,4933,53,66.2,23,21.5,3,0,1,0
2016,Packers,GB,89,5608,46,51.7,41,26.3,2,0,1,1
2016,Panthers,CAR,87,5566,63,72.4,23,18.1,1,0,0,0
2016,Patriots,NE,93,5961,52,55.9,40,19.3,0,0,1,0
2016,Raiders,LV,88,5630,43,48.9,45,19.9,0,0,0,0
2016,Rams,LAR,59,3794,36,61,22,19.6,1,0,0,0
2016,Ravens,BAL,81,5137,52,64.2,27,20.7,1,0,1,0
2016,Commanders,WAS,92,5790,65,70.6,25,21.4,2,0,1,1
2016,Saints,NO,93,5693,49,52.7,40,22.4,4,1,1,0
2016,Seahawks,SEA,87,5542,54,62.1,32,20.4,1,0,0,0
2016,Steelers,PIT,86,5424,52,60.5,29,24.7,2,0,3,0
2016,Texans,HOU,76,4590,23,30.3,48,23.6,4,1,1,1
2016,Titans,TEN,83,5176,58,69.9,21,22,3,0,2,0
2016,Vikings,MIN,79,4932,38,48.1,38,25.8,3,1,1,1
2017,49ers,SF,83,5201,64,77.1,15,20.1,2,1,1,0
2017,Bears,CHI,60,3780,28,46.7,32,21.8,0,0,0,1
2017,Bengals,CIN,67,4248,31,46.3,35,23.2,0,0,1,0
2017,Bills,BUF,74,4365,37,50,31,22,6,1,0,0
2017,Broncos,DEN,73,4309,45,61.6,22,22.6,6,0,0,1
2017,Browns,CLE,57,3350,33,57.9,20,23.6,4,0,0,1
2017,Buccaneers,TB,77,4704,27,35.1,47,24.8,3,0,0,2
2017,Cardinals,ARI,77,4715,34,44.2,40,22,2,0,1,1
2017,Chargers,LAC,77,4924,31,40.3,46,25,0,0,0,0
2017,Chiefs,KC,97,6232,71,73.2,25,19.4,0,0,0,0
2017,Colts,IND,70,4390,46,65.7,23,19.2,1,0,0,0
2017,Cowboys,DAL,80,5159,45,56.2,35,21.7,0,0,0,0
2017,Dolphins,MIA,67,4015,28,41.8,34,19.6,5,4,0,0
2017,Eagles,PHI,94,5880,45,47.9,47,21.6,1,1,1,0
2017,Falcons,ATL,84,5332,49,58.3,33,26.2,2,0,0,0
2017,Giants,NYG,62,3849,26,41.9,32,20.5,2,0,2,0
2017,Jaguars,JAX,92,5473,48,52.2,40,20.4,3,1,2,1
2017,Jets,NYJ,72,4404,45,62.5,23,20,4,1,1,0
2017,Lions,DET,91,5769,47,51.6,43,20.4,1,0,0,0
2017,Packers,GB,68,4246,36,52.9,30,22.2,2,2,0,0
2017,Panthers,CAR,83,5313,70,84.3,12,21.2,1,0,1,0
2017,Patriots,NE,99,6228,40,40.4,58,18.9,1,0,0,0
2017,Raiders,LV,64,4058,48,75,15,19.9,1,1,0,0
2017,Rams,LAR,103,6658,78,75.7,23,22.6,0,0,2,0
2017,Ravens,BAL,90,5610,55,61.1,33,18.6,2,0,0,0
2017,Commanders,WAS,79,4987,53,67.1,24,18.7,2,0,1,0
2017,Saints,NO,95,6076,59,62.1,32,24.6,3,0,1,0
2017,Seahawks,SEA,80,4986,39,48.8,39,20.3,1,0,1,0
2017,Steelers,PIT,90,5720,46,51.1,43,21.1,0,0,1,0
2017,Texans,HOU,76,4764,49,64.5,27,20.3,1,0,0,0
2017,Titans,TEN,80,5120,47,58.8,32,23.4,1,0,0,0
2017,Vikings,MIN,89,5638,44,49.4,45,22.7,0,0,0,0
2018,49ers,SF,81,5065,52,64.2,27,24.5,2,0,0,0
2018,Bears,CHI,89,5664,65,73,22,24.9,1,1,1,1
2018,Bengals,CIN,79,5003,45,57,31,22.7,1,0,1,0
2018,Bills,BUF,66,3958,30,45.4,34,22.2,3,0,0,0
2018,Broncos,DEN,73,4473,42,57.5,28,20.8,4,0,1,0
2018,Browns,CLE,79,5011,52,65.8,24,23.9,1,0,1,0
2018,Buccaneers,TB,86,5349,51,59.3,34,21,2,0,0,0
2018,Cardinals,ARI,56,3534,28,50,27,21.6,1,0,1,0
2018,Chargers,LAC,88,5526,27,30.7,61,21.7,0,0,0,0
2018,Chiefs,KC,111,7130,72,64.9,36,22.5,1,0,3,0
2018,Colts,IND,88,5435,59,67,27,22,2,0,0,0
2018,Cowboys,DAL,77,4984,52,67.5,25,26.5,0,0,0,0
2018,Dolphins,MIA,70,4432,55,78.6,13,26.1,1,0,1,1
2018,Eagles,PHI,82,5210,57,69.5,24,22.5,1,0,0,0
2018,Falcons,ATL,89,5578,51,57.3,36,22.7,2,0,0,0
2018,Giants,NYG,85,5254,51,60,28,20.4,4,1,3,0
2018,Jaguars,JAX,64,3908,41,64.1,21,17.8,2,1,0,0
2018,Jets,NYJ,83,5311,60,72.3,23,23.4,0,0,0,0
2018,Lions,DET,79,4797,37,46.8,37,22.6,5,1,0,0
2018,Packers,GB,84,5229,41,48.8,40,25.6,3,0,0,1
2018,Panthers,CAR,78,4938,60,76.9,17,23.9,1,0,0,0
2018,Patriots,NE,93,5783,50,53.8,42,24.6,0,0,0,0
2018,Raiders,LV,71,4350,29,40.8,39,23.6,3,0,1,0
2018,Rams,LAR,107,6849,77,72,29,22.5,0,0,1,0
2018,Ravens,BAL,92,5799,58,63,32,23.3,1,0,1,0
2018,Commanders,WAS,70,4443,56,80,13,22.7,1,0,0,0
2018,Saints,NO,103,6598,64,62.1,39,22.7,0,0,0,0
2018,Seahawks,SEA,83,5082,42,50.6,37,24.8,3,0,1,1
2018,Steelers,PIT,85,5328,50,58.8,35,20.8,0,0,0,0
2018,Texans,HOU,92,5885,58,63,33,20.7,1,0,0,0
2018,Titans,TEN,72,4536,45,62.5,25,27.8,2,0,0,1
2018,Vikings,MIN,79,4791,44,55.7,31,23.3,4,0,2,0
2019,49ers,SF,98,6220,49,50,48,21.8,0,0,1,0
2019,Bears,CHI,67,4166,36,53.7,27,25,2,1,3,0
2019,Bengals,CIN,71,4308,46,64.8,19,21.1,5,1,1,0
2019,Bills,BUF,74,4579,42,56.8,30,23,2,0,0,1
2019,Broncos,DEN,72,4634,55,76.4,17,26.8,0,0,0,0
2019,Browns,CLE,79,4934,30,38,46,20.4,2,0,2,0
2019,Buccaneers,TB,98,6317,88,89.8,9,23,1,0,1,0
2019,Cardinals,ARI,83,5302,45,54.2,36,20.6,0,0,2,0
2019,Chargers,LAC,75,4647,36,48,36,24.5,3,0,0,1
2019,Chiefs,KC,98,6157,60,61.2,37,19.6,1,0,0,0
2019,Colts,IND,79,5101,60,76,19,24.7,0,0,0,0
2019,Cowboys,DAL,92,5656,51,55.4,35,23.3,4,0,3,0
2019,Dolphins,MIA,73,4424,49,67.1,20,27,4,1,0,1
2019,Eagles,PHI,81,5073,52,64.2,27,23.8,2,0,0,1
2019,Falcons,ATL,87,5180,47,54,31,22.3,7,2,4,0
2019,Giants,NYG,72,4519,50,69.4,20,18,1,0,2,0
2019,Jaguars,JAX,76,4583,39,51.3,32,21.6,5,0,0,0
2019,Jets,NYJ,68,4117,32,47.1,33,19.3,3,0,0,0
2019,Lions,DET,80,4938,25,31.2,52,24.7,2,1,1,1
2019,Packers,GB,79,5068,49,62,29,24.2,0,0,1,0
2019,Panthers,CAR,76,4658,66,86.8,5,20.4,5,1,0,0
2019,Patriots,NE,92,5777,59,64.1,29,20.9,2,0,3,0
2019,Raiders,LV,71,4496,38,53.5,33,20.9,1,0,0,0
2019,Rams,LAR,85,5429,65,76.5,17,27.5,1,0,3,0
2019,Ravens,BAL,106,6646,57,53.8,48,21.5,1,0,0,1
2019,Commanders,WAS,68,4231,48,70.6,17,25.8,3,0,0,0
2019,Saints,NO,95,6128,74,77.9,21,27,0,0,0,1
2019,Seahawks,SEA,85,5337,59,69.4,24,22.2,1,0,0,0
2019,Steelers,PIT,75,4735,31,41.3,44,21.5,0,0,0,0
2019,Texans,HOU,82,5164,42,51.2,39,18.6,1,1,0,0
2019,Titans,TEN,78,4814,39,50,37,23.7,2,0,0,0
2019,Vikings,MIN,88,5664,66,75,21,25.1,1,0,1,0
2020,49ers,SF,81,4871,44,54.3,32,24.8,6,0,0,1
2020,Bears,CHI,86,5252,42,48.8,41,20.4,3,0,0,0
2020,Bengals,CIN,76,4816,56,73.7,18,23.1,1,0,1,0
2020,Bills,BUF,101,6469,71,70.3,30,17.9,0,0,0,0
2020,Broncos,DEN,79,4839,54,68.4,21,29.9,5,0,0,1
2020,Browns,CLE,84,5360,45,53.6,38,26.3,0,0,1,1
2020,Buccaneers,TB,101,6514,85,84.2,14,33.6,1,0,1,0
2020,Cardinals,ARI,87,5450,39,44.8,46,19.5,2,0,1,0
2020,Chargers,LAC,84,5364,49,58.3,34,26.8,1,0,0,0
2020,Chiefs,KC,97,6222,72,74.2,23,23.9,0,0,2,1
2020,Colts,IND,97,6070,46,47.4,51,21.3,1,0,0,1
2020,Cowboys,DAL,92,5705,60,65.2,29,20.9,3,1,0,0
2020,Dolphins,MIA,92,5626,64,69.6,24,15.7,4,0,1,0
2020,Eagles,PHI,75,4626,46,61.3,26,22.4,3,0,0,0
2020,Falcons,ATL,92,5834,46,50,43,23.5,2,1,1,0
2020,Commanders,WAS,78,4808,65,83.3,9,26.1,4,0,0,0
2020,Giants,NYG,74,4407,30,40.5,41,22.2,3,0,0,1
2020,Jaguars,JAX,73,4357,42,57.5,25,18.8,4,0,2,0
2020,Jets,NYJ,63,3994,34,54,27,24.8,1,0,1,0
2020,Lions,DET,78,4765,26,33.3,49,21.4,2,0,2,0
2020,Packers,GB,98,6240,52,53.1,45,24.2,0,0,1,0
2020,Panthers,CAR,81,5095,71,87.6,7,20.6,3,0,0,0
2020,Patriots,NE,75,4756,42,56,32,21.2,1,0,0,0
2020,Raiders,LV,95,5966,61,64.2,32,23.4,2,0,0,0
2020,Rams,LAR,81,5237,54,66.7,26,28.4,0,0,1,0
2020,Ravens,BAL,95,6094,65,68.4,30,21.1,0,0,0,0
2020,Saints,NO,95,5962,71,74.7,22,17.2,2,0,1,0
2020,Seahawks,SEA,93,5818,52,55.9,38,21.4,3,0,0,0
2020,Steelers,PIT,88,5521,45,51.1,41,22.2,1,0,1,0
2020,Texans,HOU,87,5464,52,59.8,34,20.7,2,1,0,0
2020,Titans,TEN,94,5864,53,56.4,37,22.2,2,0,2,0
2020,Vikings,MIN,85,5052,53,62.4,27,24.8,5,0,0,1
2021,49ers,SF,90,5656,37,41.1,52,23.1,1,0,0,1
2021,Bears,CHI,71,4443,34,47.9,35,21.4,2,1,0,0
2021,Bengals,CIN,95,6004,56,59,37,21.7,1,0,1,0
2021,Bills,BUF,100,6269,56,56,41,18,1,0,2,0
2021,Broncos,DEN,78,4975,62,79.5,14,39.4,2,1,0,2
2021,Browns,CLE,74,4664,34,46,39,20.3,1,0,0,0
2021,Buccaneers,TB,104,6664,77,74,25,26.8,1,0,1,0
2021,Cardinals,ARI,98,6077,73,74.5,20,21,5,1,0,0
2021,Chargers,LAC,100,6286,62,62,36,20.8,2,0,0,0
2021,Chiefs,KC,101,6369,66,65.4,35,18.8,0,0,0,0
2021,Colts,IND,95,5974,47,49.5,46,21.5,2,0,0,0
2021,Cowboys,DAL,107,6877,87,81.3,18,26,1,0,1,0
2021,Dolphins,MIA,79,5027,56,70.9,21,20.7,1,0,1,0
2021,Eagles,PHI,97,6135,61,62.9,34,26.1,2,0,0,0
2021,Falcons,ATL,71,4454,35,49.3,34,23.8,1,0,1,1
2021,Commanders,WAS,79,4970,47,59.5,30,21.4,1,0,0,0
2021,Giants,NYG,69,4068,27,39.1,37,17.8,4,1,1,0
2021,Jaguars,JAX,62,3822,22,35.5,38,29.3,2,0,1,3
2021,Jets,NYJ,73,4434,48,65.8,22,17.8,4,0,1,0
2021,Lions,DET,76,4386,33,43.4,35,21.8,9,3,0,0
2021,Packers,GB,94,6031,43,45.7,50,25.7,0,0,1,0
2021,Panthers,CAR,74,4750,45,60.8,29,26.5,0,0,0,0
2021,Patriots,NE,103,6497,45,43.7,55,21.2,0,0,3,0
2021,Raiders,LV,87,5560,53,60.9,33,22.5,0,0,1,1
2021,Rams,LAR,102,6309,65,63.7,30,21.5,3,0,4,0
2021,Ravens,BAL,90,5443,47,52.2,39,18.6,3,1,1,1
2021,Saints,NO,84,5194,49,58.3,32,20.6,3,0,0,0
2021,Seahawks,SEA,83,5138,31,37.4,50,19.7,1,0,1,0
2021,Steelers,PIT,88,5565,40,45.4,46,23.9,0,0,2,0
2021,Texans,HOU,67,4127,32,47.8,32,20.4,2,1,1,0
2021,Titans,TEN,92,5873,52,56.5,40,20.4,0,0,0,0
2021,Vikings,MIN,94,6004,76,80.8,17,22.5,1,0,0,0
2022,49ers,SF,99,6223,47,47.5,51,21.5,0,0,1,0
2022,Bears,CHI,76,4819,41,54,32,25.7,2,0,1,1
2022,Bengals,CIN,90,5604,51,56.7,37,21.4,1,0,2,0
2022,Bills,BUF,93,5822,43,46.2,48,20.2,0,0,2,0
2022,Broncos,DEN,73,4580,51,69.9,21,21.2,2,1,0,0
2022,Browns,CLE,82,5111,50,61,29,22.3,3,0,2,0
2022,Buccaneers,TB,78,4859,40,51.3,34,25.8,3,0,1,0
2022,Cardinals,ARI,78,4948,57,73.1,20,21.2,1,0,0,0
2022,Chargers,LAC,86,5384,69,80.2,15,21.1,2,0,0,0
2022,Chiefs,KC,98,6287,65,66.3,33,23.3,0,0,0,0
2022,Colts,IND,78,5069,42,53.8,34,23,0,0,2,0
2022,Commanders,WAS,78,4865,60,76.9,15,23.3,3,0,0,0
2022,Cowboys,DAL,100,6506,78,78,21,24.2,0,0,1,0
2022,Dolphins,MIA,90,5633,61,67.8,26,27.8,3,0,0,1
2022,Eagles,PHI,97,6290,67,69.1,30,26.1,0,0,0,0
2022,Falcons,ATL,80,5143,59,73.8,21,22.4,0,0,0,0
2022,Giants,NYG,85,5174,50,58.8,30,25.6,5,0,0,0
2022,Jaguars,JAX,89,5537,44,49.4,41,21.5,1,1,3,0
2022,Jets,NYJ,73,4445,58,79.4,12,20.9,3,1,0,0
2022,Lions,DET,93,5764,54,58.1,34,21.9,4,0,1,0
2022,Packers,GB,80,4867,18,22.5,61,23.2,1,0,0,0
2022,Panthers,CAR,84,5154,46,54.8,33,22.4,3,0,2,0
2022,Patriots,NE,85,5256,31,36.5,52,25.6,1,0,1,3
2022,Raiders,LV,90,5548,57,63.3,29,20.1,3,0,1,0
2022,Rams,LAR,78,4886,61,78.2,15,23,1,0,1,0
2022,Ravens,BAL,86,5449,60,69.8,26,21.2,0,0,0,0
2022,Saints,NO,75,4554,48,64,23,22.6,4,0,0,0
2022,Seahawks,SEA,94,5903,54,57.4,38,20.9,2,0,0,0
2022,Steelers,PIT,77,4719,26,33.8,47,24.5,2,0,3,0
2022,Texans,HOU,75,4564,33,44,37,19,5,0,1,0
2022,Titans,TEN,69,4343,37,53.6,32,20.2,0,0,0,0
2022,Vikings,MIN,89,5640,54,60.7,34,26.2,1,0,0,1
2023,49ers,SF,97,6131,58,59.8,32,23.3,0,0,2,0
2023,Bears,CHI,89,5624,71,79.8,15,24.7,2,0,0,0
2023,Bengals,CIN,82,5162,63,76.8,13,17,2,0,0,0
2023,Bills,BUF,95,5952,53,55.8,29,22.4,1,0,1,1
2023,Broncos,DEN,82,5190,71,86.6,8,21.5,3,0,0,0
2023,Browns,CLE,92,5804,54,58.7,30,21.2,0,0,0,1
2023,Buccaneers,TB,82,5124,52,63.4,26,18.9,1,0,0,0
2023,Cardinals,ARI,79,4843,66,83.5,6,22.2,5,1,0,0
2023,Chargers,LAC,81,5168,68,84,11,19.4,1,0,0,0
2023,Chiefs,KC,85,5565,74,87.1,11,28.3,0,0,0,0
2023,Colts,IND,93,5960,72,77.4,15,26.1,0,0,0,0
2023,Commanders,WAS,72,4520,64,88.9,5,27.8,3,0,1,0
2023,Cowboys,DAL,109,7068,99,90.8,8,24.8,0,0,1,0
2023,Dolphins,MIA,98,6327,83,84.7,15,30.5,0,0,0,1
2023,Eagles,PHI,91,5846,73,80.2,17,28.9,1,0,0,0
2023,Falcons,ATL,79,5128,66,83.5,11,23.7,0,0,1,0
2023,Giants,NYG,65,4110,38,58.5,16,23.6,0,0,1,0
2023,Jaguars,JAX,86,5421,65,75.6,14,25.4,2,0,0,1
2023,Jets,NYJ,73,4651,62,84.9,8,15.4,1,0,0,0
2023,Lions,DET,93,5814,60,64.5,27,20.8,3,0,0,0
2023,Packers,GB,86,5466,37,43,40,23.8,1,0,1,0
2023,Panthers,CAR,62,3749,37,59.7,20,23.9,4,0,1,0
2023,Patriots,NE,61,3830,39,63.9,21,20.6,1,0,0,0
2023,Raiders,LV,78,4977,48,61.5,28,22.8,1,0,0,0
2023,Rams,LAR,92,5865,80,87,11,26.9,1,0,0,0
2023,Ravens,BAL,104,6638,80,76.9,20,23,1,0,1,0
2023,Saints,NO,91,5828,76,83.5,12,18.8,1,0,0,0
2023,Seahawks,SEA,86,5428,55,64,22,22.2,1,0,1,0
2023,Steelers,PIT,76,4833,55,72.4,18,26.4,0,0,0,0
2023,Texans,HOU,87,5419,56,64.4,26,21.9,2,1,0,0
2023,Titans,TEN,72,4508,34,47.2,35,23.3,2,0,0,0
2023,Vikings,MIN,80,5131,61,76.2,17,23.8,1,0,1,0